algebre,algebre1,algebre2,algebre3,algebre4,MI,,,
analyse,analyse1,analyse2,analyse3,analyse 4,MI,,,
physique,electrocinetique,intrumentation1,og,op,electromagnetisme,electronique,thermo,GEI
mecanique,mecanique du point,mechanique industrielle,GEI,,,,,
chimie,atomistique,chimie organique,GEI,,,,,
lc,francais,anglais,espagnol,LCM,,,,
info,cf,os,ab et sn,algo ,complexite,programmation C,SIC,
lc,francais,anglais,espagnol,LCM,,,,
math applique,proba,analyse numerique,MI,,,,,
algebre,algebre1,algebre2,algebre3,algebre4,MI,,,
analyse,analyse1,analyse2,analyse3,MI,,,,
physique,electrocinetique,intrumentation1,og,op,electromagnetisme,electronique,thermo,GEI
mecanique,mecanique du point,mechanique industrielle,GEI,,,,,
chimie,atomistique,chimie organique,GEI,,,,,
lc,francais,anglais,espagnol,LCM,,,,
info,cf,os,ab et sn,algo ,complexite,programmation c,SIC,
lc,francais,anglais,espagnol,LCM,,,,
math applique,proba,analyse numerique,MI,,,,,
mpi,an,op,stat,MI,,,,
signal,ts,pb,MI,,,,,
electonique,ean,en,MI,,,,,
prog,structc,php,cpp,php5,MI,,,
bd,bdr,cfr,model bd,manipulation bd,plsql,MI,,
langage,method pp,dev p,anglais,espagnol,LCM,,,
tg ro,rech op,theorie des graphes,MI,,,,,
reseau,prot addressage,tech res,tp res,MI,,,,
archi lin,micro proc,linux,tp assemb,MI,,,,
manage,gest entr,compta,eco,GEI,,,,
stat sig,stat app,ts,GEI,,,,,
electonique,ean,en,GEI,,,,,
materiaux,sience mat,dess ind,GEI,,,,,
info,bd relationelle,tech web,MI,,,,,
auto,electro,auto lin,GEI,,,,,
manage,gest entreprise,compta,eco,GEI,,,,
res mat ,rdm,tp rdm,GEI,,,,,
fluide et struct,struct vib,mech fluide,GEI,,,,,
mac ind,mac ter,mac hyd,inst elec,GEI,,,,
sim metro,capt et metro,tp electro,GEI,,,,,
sys info,sys info,sim sys ind lab,GEI,,,,,
lang com,dev personnelle,anglais,espagnol,LCM,,,,
mpi,an,op,stat,MI,,,,
signal,traitement signal,pb,SIC,,,,,
electr onique,ean,en,SIC,,,,,
telecom,onde elec,ligne trans,com analog,theo info code,SIC,,,
auto ,auto lin,concept fond,SIC,,,,,
lang com,dev per,meth pjt,ang esp,SIC,,,,
archi lin,micro proc,linux,tp elec,SIC,,,,
info,poo java,bd uml,SIC,,,,,
tg ro,rech op,theo gr,SIC,,,,,
reseaux,prot addr,tech reseaux,tp res,SIC,,,,
manage,gest entr,compta,eco,GEI,,,,
stat sig,stat app,trait sig,MI,,,,,
electronique,filtrage,codage,SIC,,,,,
materiaux,sience mat,dess industriel,GEI,,,,,
info ,bd relationelle,technologies web,MI,,,,,
auto electro,electrocinetique,auto lin,GEI,,,,,
manage,gest entr,compta,eco,GEI,,,,
thermo,mecanique fluide,thermo applique,GEI,,,,,
electrotech,sim sys ind lab,electro,tp electro,GEI,,,,
mac ind,mac ter,mac hyd,inst elec,GEI,,,,
themrique,trans ter,metrologie et mes,GEI,,,,,
energy ,ecologie ind,energie,conduite de proj,GEI,,,,
lang com,dev per,anglais,francais,LCM,,,,
